{
    "environment": "testnet",
    "account_id": 1,
    "total_equity": 101.324923,
    "available_balance": 41.883197,
    "used_margin": 59.441726,
    "maintenance_margin": 29.720863,
    "margin_usage_percent": 58.66446698410025,
    "withdrawal_available": 41.883197,
    "wallet_address": "0x4a0ae373afa45b048a83b79fa8f73ae7c3decee4",
    "timestamp": 1767501270898,
    "source": "cache",
    "cached_at": "2026-01-04T04:34:30.898252Z"
}